model,trained_task,step,eval_task,omega,rho_T,rho_P,scale,shape,delta,gamma,bound_total,loss_T,loss_P,delta_risk,loss_T_full,loss_P_full,delta_risk_full,bound_holds,train_loss,eval_loss
Llama-3.1-8B,triviaqa,50,arc,0.9789104274033799,137.55155496585508,138.58365412857302,1.065228681683075,804.0356157812588,28.37429901271469,0.0,28.37429901271469,0.4886452555656433,0.4728139638900757,0.015831291675567627,1.7515153884887695,1.7505145072937012,0.0010008811950683594,True,0.968352222442627,1.1492584943771362
Llama-3.1-8B,triviaqa,50,mmlu,0.9779951311445289,138.90859524172365,139.66018670045767,0.5648897208419414,853.7889268089745,29.229331441718205,0.0,29.229331441718205,0.8992571234703064,0.8942748308181763,0.004982292652130127,1.8720897436141968,1.8630670309066772,0.009022712707519531,True,0.968352222442627,1.1492584943771362
Llama-3.1-8B,triviaqa,50,squad,0.991965396439795,138.1987533835427,137.9298965667833,0.07228398791800289,306.30704427639193,17.503694703242225,0.0,17.503694703242225,1.5736377239227295,1.4743708372116089,0.0992668867111206,2.036574125289917,2.034719944000244,0.0018541812896728516,True,0.968352222442627,1.1492584943771362
Llama-3.1-8B,triviaqa,50,triviaqa,0.9619538501313086,140.93099064229665,140.45421403770152,0.2273159306892614,1506.1977292879487,38.81269180588533,0.0,38.81269180588533,1.5481045246124268,1.2569966316223145,0.2911078929901123,2.92179274559021,2.7852816581726074,0.13651108741760254,True,0.968352222442627,1.1492584943771362
Llama-3.1-8B,triviaqa,50,gsm8k,1.0,137.14575070762805,136.97314549455243,0.02979255958088269,0.0,0.17260521307562726,0.0,0.17260521307562726,1.2760233879089355,1.2852224111557007,0.009199023246765137,1.6383130550384521,1.6359772682189941,0.002335786819458008,True,0.968352222442627,1.1492584943771362
Llama-3.1-8B,triviaqa,100,arc,0.8860010227268648,137.55155496585508,139.91968433307295,5.608036699879735,4388.087427128323,66.28495654240261,0.0,66.28495654240261,0.4886452555656433,0.48636215925216675,0.0022830963134765625,1.7515153884887695,1.7371176481246948,0.014397740364074707,True,0.9033313751220703,1.0291106700897217
Llama-3.1-8B,triviaqa,100,mmlu,0.9040278913530178,138.90859524172365,140.1347931620826,1.503561339892594,3736.372172327603,61.1381692044135,0.0,61.1381692044135,0.8992571234703064,0.9410950541496277,0.04183793067932129,1.8720897436141968,1.8415182828903198,0.030571460723876953,True,0.9033313751220703,1.0291106700897217
Llama-3.1-8B,triviaqa,100,squad,0.9599118058466207,138.1987533835427,138.29355902037707,0.008988108775569641,1532.3309294774779,39.145113585047284,0.0,39.145113585047284,1.5736377239227295,1.6009857654571533,0.027348041534423828,2.036574125289917,2.034519910812378,0.0020542144775390625,True,0.9033313751220703,1.0291106700897217
Llama-3.1-8B,triviaqa,100,triviaqa,0.9105578036074712,140.93099064229665,142.3166635470639,1.9200893990061403,3587.8535656989256,59.91471985328757,0.0,59.91471985328757,1.5481045246124268,1.106802225112915,0.4413022994995117,2.92179274559021,2.473306894302368,0.4484858512878418,True,0.9033313751220703,1.0291106700897217
Llama-3.1-8B,triviaqa,100,gsm8k,1.0,137.14575070762805,136.9657685862616,0.03239356401157269,0.0,0.1799821213664643,0.0,0.1799821213664643,1.2760233879089355,1.3240208625793457,0.047997474670410156,1.6383130550384521,1.6283223628997803,0.009990692138671875,True,0.9033313751220703,1.0291106700897217
Llama-3.1-8B,triviaqa,150,arc,0.8081184504673072,137.55155496585508,140.75053798647255,10.23349236619891,7429.828349160966,86.25579308966537,0.0,86.25579308966537,0.4886452555656433,0.5578468441963196,0.06920158863067627,1.7515153884887695,1.7290987968444824,0.02241659164428711,True,0.8451897621154785,0.9742849469184875
Llama-3.1-8B,triviaqa,150,mmlu,0.8436135842909016,138.90859524172365,140.56512360937685,2.744086232839805,6107.109681899874,78.1655535906496,0.0,78.1655535906496,0.8992571234703064,1.10792875289917,0.20867162942886353,1.8720897436141968,1.833249568939209,0.03884017467498779,True,0.8451897621154785,0.9742849469184875
Llama-3.1-8B,triviaqa,150,squad,0.9505814066939196,138.1987533835427,138.2103285752301,0.00013398506260002988,1887.83919994995,43.449273111699036,0.0,43.449273111699036,1.5736377239227295,1.437079668045044,0.13655805587768555,2.036574125289917,2.027987480163574,0.008586645126342773,True,0.8451897621154785,0.9742849469184875
Llama-3.1-8B,triviaqa,150,triviaqa,0.9086033283941984,140.93099064229665,141.89450618824756,0.9283622072890844,3655.379413575887,60.467410857280605,0.0,60.467410857280605,1.5481045246124268,1.0313329696655273,0.5167715549468994,2.92179274559021,2.4074909687042236,0.5143017768859863,True,0.8451897621154785,0.9742849469184875
Llama-3.1-8B,triviaqa,150,gsm8k,1.0,137.14575070762805,137.04464013102194,0.010223348701621612,0.0,0.10111057660611777,0.0,0.10111057660611777,1.2760233879089355,1.3600398302078247,0.08401644229888916,1.6383130550384521,1.6415131092071533,0.003200054168701172,True,0.8451897621154785,0.9742849469184875
Llama-3.1-8B,triviaqa,200,arc,0.7780485181130463,137.55155496585508,140.66778508348935,9.71089014605092,8589.11066091472,92.7298309664197,0.0,92.7298309664197,0.4886452555656433,0.6575989127159119,0.16895365715026855,1.7515153884887695,1.7406336069107056,0.010881781578063965,True,0.8424749374389648,0.9551244974136353
Llama-3.1-8B,triviaqa,200,mmlu,0.8187941481313475,138.90859524172365,140.23403197735195,1.7567825401530073,7059.675754505978,84.03233030831723,0.0,84.03233030831723,0.8992571234703064,1.1951580047607422,0.2959008812904358,1.8720897436141968,1.8347043991088867,0.03738534450531006,True,0.8424749374389648,0.9551244974136353
Llama-3.1-8B,triviaqa,200,squad,0.9387082352754498,138.1987533835427,138.12941900710496,0.00480725575601185,2340.035425107324,48.37396233887689,0.0,48.37396233887689,1.5736377239227295,1.4339412450790405,0.13969647884368896,2.036574125289917,2.0231618881225586,0.013412237167358398,True,0.8424749374389648,0.9551244974136353
Llama-3.1-8B,triviaqa,200,triviaqa,0.8980453049559936,140.93099064229665,141.83493693421238,0.8171188986681984,4075.932190716265,63.849426854239915,0.0,63.849426854239915,1.5481045246124268,1.0205159187316895,0.5275886058807373,2.92179274559021,2.3741188049316406,0.5476739406585693,True,0.8424749374389648,0.9551244974136353
Llama-3.1-8B,triviaqa,200,gsm8k,0.9991633991675728,137.14575070762805,136.92280682019592,0.04970397694335357,31.420018570574378,5.6097881018375135,0.0,5.6097881018375135,1.2760233879089355,1.3896325826644897,0.1136091947555542,1.6383130550384521,1.6541531085968018,0.01584005355834961,True,0.8424749374389648,0.9551244974136353
Llama-3.1-8B,triviaqa,250,arc,0.7743431237261884,137.55155496585508,140.92944807018657,11.410161824290238,8748.746303305319,93.59570751444538,0.0,93.59570751444538,0.4886452555656433,0.6360679864883423,0.14742273092269897,1.7515153884887695,1.7595312595367432,0.008015871047973633,True,0.8724444389343262,0.9443676471710205
Llama-3.1-8B,triviaqa,250,mmlu,0.8149319433431841,138.90859524172365,140.60363579173145,2.873162466170757,7229.1482438872845,85.04129236055537,0.0,85.04129236055537,0.8992571234703064,1.161160945892334,0.2619038224220276,1.8720897436141968,1.8441133499145508,0.027976393699645996,True,0.8724444389343262,0.9443676471710205
Llama-3.1-8B,triviaqa,250,squad,0.9359308611869329,138.1987533835427,138.22571350844387,0.0007268483346864563,2447.776990554716,49.47502114605966,0.0,49.47502114605966,1.5736377239227295,1.5172486305236816,0.05638909339904785,2.036574125289917,2.022108793258667,0.01446533203125,True,0.8724444389343262,0.9443676471710205
Llama-3.1-8B,triviaqa,250,triviaqa,0.8947542926065691,140.93099064229665,142.19148887784635,1.5888558018239178,4218.07690457556,64.9589544279877,0.0,64.9589544279877,1.5481045246124268,0.9783918261528015,0.5697126984596252,2.92179274559021,2.25555682182312,0.6662359237670898,True,0.8724444389343262,0.9443676471710205
Llama-3.1-8B,triviaqa,250,gsm8k,0.997717157016733,137.14575070762805,137.03305128488154,0.012701159887397956,85.80522236339256,9.263796388267608,0.0,9.263796388267608,1.2760233879089355,1.3909564018249512,0.11493301391601562,1.6383130550384521,1.6618136167526245,0.023500561714172363,True,0.8724444389343262,0.9443676471710205
Llama-3.1-8B,triviaqa,300,arc,0.7568680331328568,137.55155496585508,141.44579233408905,15.165084680149864,9460.794216100287,97.34453914206198,0.0,97.34453914206198,0.4886452555656433,0.6912552714347839,0.20261001586914062,1.7515153884887695,1.7425845861434937,0.008930802345275879,True,0.824793529510498,0.937381386756897
Llama-3.1-8B,triviaqa,300,mmlu,0.7984498047166267,138.90859524172365,141.02788134479104,4.4913735866545865,7896.730559356542,88.88881781722151,0.0,88.88881781722151,0.8992571234703064,1.2245361804962158,0.3252790570259094,1.8720897436141968,1.8412556648254395,0.030834078788757324,True,0.824793529510498,0.937381386756897
Llama-3.1-8B,triviaqa,300,squad,0.9371802318727965,138.1987533835427,138.18649214644634,0.00015033793513334953,2399.3634710000833,48.98329941253466,0.0,48.98329941253466,1.5736377239227295,1.4213768243789673,0.1522608995437622,2.036574125289917,2.017448663711548,0.01912546157836914,True,0.824793529510498,0.937381386756897
Llama-3.1-8B,triviaqa,300,triviaqa,0.8961870901980543,140.93099064229665,142.31714430326147,1.9214219718061805,4164.329498125199,64.546501997374,0.0,64.546501997374,1.5481045246124268,0.9737950563430786,0.5743094682693481,2.92179274559021,2.3044626712799072,0.6173300743103027,True,0.824793529510498,0.937381386756897
Llama-3.1-8B,triviaqa,300,gsm8k,0.9993818995130896,137.14575070762805,137.08278825383096,0.003964270588151739,23.240976246073433,4.821300707968917,0.0,4.821300707968917,1.2760233879089355,1.379673719406128,0.10365033149719238,1.6383130550384521,1.6482737064361572,0.009960651397705078,True,0.824793529510498,0.937381386756897
Llama-3.1-8B,triviaqa,350,arc,0.7383111470652154,137.55155496585508,141.18827001492602,13.225696348139074,10164.343661237039,100.88394003797224,0.0,100.88394003797224,0.4886452555656433,0.817362368106842,0.32871711254119873,1.7515153884887695,1.7546663284301758,0.00315093994140625,True,0.8081207275390625,0.9368042349815369
Llama-3.1-8B,triviaqa,350,mmlu,0.7786749175300185,138.90859524172365,140.85082315350547,3.7722492613043994,8660.623103042679,93.08273391077415,0.0,93.08273391077415,0.8992571234703064,1.3670682907104492,0.4678111672401428,1.8720897436141968,1.8560576438903809,0.016032099723815918,True,0.8081207275390625,0.9368042349815369
Llama-3.1-8B,triviaqa,350,squad,0.9214047867325846,138.1987533835427,138.1864191628922,0.00015213299905525747,3001.895577348055,54.789558580819524,0.0,54.789558580819524,1.5736377239227295,1.3983616828918457,0.1752760410308838,2.036574125289917,2.0181806087493896,0.018393516540527344,True,0.8081207275390625,0.9368042349815369
Llama-3.1-8B,triviaqa,350,triviaqa,0.888215309511514,140.93099064229665,142.00523146286056,1.1539933405658336,4474.280148218286,66.89868564896362,0.0,66.89868564896362,1.5481045246124268,1.0020208358764648,0.5460836887359619,2.92179274559021,2.263599157333374,0.6581935882568359,True,0.8081207275390625,0.9368042349815369
Llama-3.1-8B,triviaqa,350,gsm8k,0.997361364711451,137.14575070762805,137.14228488448327,1.2011930070887728e-05,99.2574466227279,9.962803753695942,0.0,9.962803753695942,1.2760233879089355,1.3999748229980469,0.12395143508911133,1.6383130550384521,1.6636368036270142,0.02532374858856201,True,0.8081207275390625,0.9368042349815369
Llama-3.1-8B,triviaqa,400,arc,0.7109788808851688,137.55155496585508,140.71167011458198,9.986327753213251,11188.07054262783,105.82087161983236,0.0,105.82087161983236,0.4886452555656433,0.9595893621444702,0.4709441065788269,1.7515153884887695,1.7803670167922974,0.028851628303527832,True,0.72382493019104,0.9214515686035156
Llama-3.1-8B,triviaqa,400,mmlu,0.7493239393291745,138.90859524172365,140.42806060230708,2.30877498201296,9779.70769294477,98.90407710467139,0.0,98.90407710467139,0.8992571234703064,1.5062932968139648,0.6070361733436584,1.8720897436141968,1.8762472867965698,0.004157543182373047,True,0.72382493019104,0.9214515686035156
Llama-3.1-8B,triviaqa,400,squad,0.9122997355600483,138.1987533835427,138.111319085677,0.007644756443270146,3347.8369414961912,57.860561579132934,0.0,57.860561579132934,1.5736377239227295,1.4758288860321045,0.097808837890625,2.036574125289917,2.0174083709716797,0.019165754318237305,True,0.72382493019104,0.9214515686035156
Llama-3.1-8B,triviaqa,400,triviaqa,0.8829252665694082,140.93099064229665,142.34779696230245,2.0073401484083897,4697.323040738387,68.55166213073754,0.0,68.55166213073754,1.5481045246124268,0.9694752097129822,0.5786293148994446,2.92179274559021,2.3156440258026123,0.6061487197875977,True,0.72382493019104,0.9214515686035156
Llama-3.1-8B,triviaqa,400,gsm8k,0.9940810587488557,137.14575070762805,136.9469592752362,0.0395180335924064,222.3354812841629,14.91224326913142,0.0,14.91224326913142,1.2760233879089355,1.4164402484893799,0.14041686058044434,1.6383130550384521,1.6726399660110474,0.034326910972595215,True,0.72382493019104,0.9214515686035156
Llama-3.1-8B,triviaqa,450,arc,0.7349379459714286,137.55155496585508,140.65658714683659,9.641224844930795,10256.59329210753,101.32242849908631,0.0,101.32242849908631,0.4886452555656433,0.7297675609588623,0.241122305393219,1.7515153884887695,1.753115177154541,0.0015997886657714844,True,0.8235292434692383,0.9201076030731201
Llama-3.1-8B,triviaqa,450,mmlu,0.7738874726663509,138.90859524172365,140.22068496060103,1.7215794303837435,8808.375566948163,93.86211773861992,0.0,93.86211773861992,0.8992571234703064,1.2887587547302246,0.3895016312599182,1.8720897436141968,1.8533167839050293,0.01877295970916748,True,0.8235292434692383,0.9201076030731201
Llama-3.1-8B,triviaqa,450,squad,0.9194416017121597,138.1987533835427,138.15871460573877,0.0016031037280335226,3076.261341856037,55.464068954231664,0.0,55.464068954231664,1.5736377239227295,1.3660621643066406,0.20757555961608887,2.036574125289917,2.0142886638641357,0.02228546142578125,True,0.8235292434692383,0.9201076030731201
Llama-3.1-8B,triviaqa,450,triviaqa,0.8964487533578483,140.93099064229665,142.08105739868742,1.3226535441551894,4146.9424903402305,64.40702713124078,0.0,64.40702713124078,1.5481045246124268,0.9459266066551208,0.6021779179573059,2.92179274559021,2.2976889610290527,0.6241037845611572,True,0.8235292434692383,0.9201076030731201
Llama-3.1-8B,triviaqa,450,gsm8k,0.9950721069916589,137.14575070762805,136.94552721636734,0.04008944645262963,185.10641684673013,13.606855121341697,0.0,13.606855121341697,1.2760233879089355,1.4101932048797607,0.1341698169708252,1.6383130550384521,1.665035605430603,0.02672255039215088,True,0.8235292434692383,0.9201076030731201
Llama-3.1-8B,triviaqa,500,arc,0.718704459904278,137.55155496585508,140.913293422033,11.301285447745585,10904.614369894813,104.47925945058454,0.0,104.47925945058454,0.4886452555656433,0.7758526802062988,0.2872074246406555,1.7515153884887695,1.782101035118103,0.030585646629333496,True,0.7076932430267334,0.9272703528404236
Llama-3.1-8B,triviaqa,500,mmlu,0.7581951298070191,138.90859524172365,140.36039290913465,2.1077164671000213,9429.067268070523,97.11423677575613,0.0,97.11423677575613,0.8992571234703064,1.3262510299682617,0.4269939064979553,1.8720897436141968,1.8728463649749756,0.0007566213607788086,True,0.7076932430267334,0.9272703528404236
Llama-3.1-8B,triviaqa,500,squad,0.9049298886644658,138.1987533835427,138.48334545457578,0.08099264689489452,3638.9464973069603,60.32435237906707,0.0,60.32435237906707,1.5736377239227295,1.4686508178710938,0.10498690605163574,2.036574125289917,2.0143916606903076,0.022182464599609375,True,0.7076932430267334,0.9272703528404236
Llama-3.1-8B,triviaqa,500,triviaqa,0.8785324011351741,140.93099064229665,142.46936596003826,2.366598618236603,4877.7376554732,69.85774297879539,0.0,69.85774297879539,1.5481045246124268,0.9946332573890686,0.5534712672233582,2.92179274559021,2.297166347503662,0.6246263980865479,True,0.7076932430267334,0.9272703528404236
Llama-3.1-8B,triviaqa,500,gsm8k,0.989887684798922,137.14575070762805,137.13973365355724,3.620493969105108e-05,380.3875126681379,19.50352657529088,0.0,19.50352657529088,1.2760233879089355,1.4290900230407715,0.15306663513183594,1.6383130550384521,1.6840540170669556,0.04574096202850342,True,0.7076932430267334,0.9272703528404236
Llama-3.1-8B,triviaqa,550,arc,0.6920250844513773,137.55155496585508,141.82369625025063,18.25119115383694,12015.99239087562,109.70070000701662,0.0,109.70070000701662,0.4886452555656433,0.9284943342208862,0.4398490786552429,1.7515153884887695,1.795475959777832,0.0439605712890625,True,0.6730776309967041,0.936833381652832
Llama-3.1-8B,triviaqa,550,mmlu,0.7346773741757506,138.90859524172365,141.09632876059155,4.786177949578129,10400.377800659104,102.00570561791473,0.0,102.00570561791473,0.8992571234703064,1.578769326210022,0.6795122027397156,1.8720897436141968,1.8908088207244873,0.018719077110290527,True,0.6730776309967041,0.936833381652832
Llama-3.1-8B,triviaqa,550,squad,0.8933073531948453,138.1987533835427,139.30478995318873,1.2233168933943406,4108.039966043773,64.1035356508295,0.0,64.1035356508295,1.5736377239227295,1.5660914182662964,0.0075463056564331055,2.036574125289917,2.014211416244507,0.022362709045410156,True,0.6730776309967041,0.936833381652832
Llama-3.1-8B,triviaqa,550,triviaqa,0.8581369512815524,140.93099064229665,144.22871997370086,10.875018743203677,5767.100748651522,76.01299735831185,0.0,76.01299735831185,1.5481045246124268,0.9698904156684875,0.5782141089439392,2.92179274559021,2.2405433654785156,0.6812493801116943,True,0.6730776309967041,0.936833381652832
Llama-3.1-8B,triviaqa,550,gsm8k,0.986484621887222,137.14575070762805,137.6124815577937,0.21783768649634708,510.1505726622791,22.59133485097274,0.0,22.59133485097274,1.2760233879089355,1.4619381427764893,0.1859147548675537,1.6383130550384521,1.7106001377105713,0.07228708267211914,True,0.6730776309967041,0.936833381652832
Llama-3.1-8B,triviaqa,600,arc,0.6912448679162643,137.55155496585508,142.19100670677173,21.524512456294584,12077.632593798002,109.99616859806662,0.0,109.99616859806662,0.4886452555656433,0.779900848865509,0.2912555932998657,1.7515153884887695,1.8217389583587646,0.07022356986999512,True,0.43723397254943847,0.9700089693069458
Llama-3.1-8B,triviaqa,600,mmlu,0.7349800195124665,138.90859524172365,141.51585011184585,6.7977779577759545,10419.40255361632,102.10876716312903,0.0,102.10876716312903,0.8992571234703064,1.4456756114959717,0.5464184880256653,1.8720897436141968,1.9087555408477783,0.03666579723358154,True,0.43723397254943847,0.9700089693069458
Llama-3.1-8B,triviaqa,600,squad,0.8799800575177347,138.1987533835427,139.56410052106597,1.8641728059429556,4629.789614817627,68.0562545812181,0.0,68.0562545812181,1.5736377239227295,1.6451729536056519,0.07153522968292236,2.036574125289917,2.0228710174560547,0.013703107833862305,True,0.43723397254943847,0.9700089693069458
Llama-3.1-8B,triviaqa,600,triviaqa,0.8326144281942797,140.93099064229665,144.8070518735851,15.023850668697305,6831.942970601485,82.74640065447066,0.0,82.74640065447066,1.5481045246124268,1.0437874794006348,0.504317045211792,2.92179274559021,2.315542459487915,0.6062502861022949,True,0.43723397254943847,0.9700089693069458
Llama-3.1-8B,triviaqa,600,gsm8k,0.9818923697329783,137.14575070762805,137.74352096134808,0.35732927623250743,684.1402626737096,26.162904883631366,0.0,26.162904883631366,1.2760233879089355,1.4744601249694824,0.19843673706054688,1.6383130550384521,1.7231614589691162,0.08484840393066406,True,0.43723397254943847,0.9700089693069458
Llama-3.1-8B,triviaqa,650,arc,0.7228215656729072,137.55155496585508,142.12052468713813,20.875484314001348,10837.066525791797,104.20144917469142,0.0,104.20144917469142,0.4886452555656433,0.6297110319137573,0.141065776348114,1.7515153884887695,1.8213214874267578,0.06980609893798828,True,0.4832761764526367,0.9781476259231567
Llama-3.1-8B,triviaqa,650,mmlu,0.7571817652893573,138.90859524172365,141.5521607244271,6.988438461341131,9548.978501282489,97.75462618077893,0.0,97.75462618077893,0.8992571234703064,1.2526867389678955,0.3534296154975891,1.8720897436141968,1.9109866619110107,0.038896918296813965,True,0.4832761764526367,0.9781476259231567
Llama-3.1-8B,triviaqa,650,squad,0.8757789793315645,138.1987533835427,139.76054305540268,2.4391869791284715,4798.591650289121,69.28947133055823,0.0,69.28947133055823,1.5736377239227295,1.641967535018921,0.0683298110961914,2.036574125289917,2.0271670818328857,0.00940704345703125,True,0.4832761764526367,0.9781476259231567
Llama-3.1-8B,triviaqa,650,triviaqa,0.8262565607457126,140.93099064229665,145.12922974909327,17.625211597836486,7107.220750024662,84.40880263113853,0.0,84.40880263113853,1.5481045246124268,1.0512964725494385,0.4968080520629883,2.92179274559021,2.3045685291290283,0.6172242164611816,True,0.4832761764526367,0.9781476259231567
Llama-3.1-8B,triviaqa,650,gsm8k,0.9804782824663095,137.14575070762805,137.91692042556107,0.5947027338568939,738.4956260146183,27.186215785733683,0.0,27.186215785733683,1.2760233879089355,1.4792816638946533,0.20325827598571777,1.6383130550384521,1.7285313606262207,0.09021830558776855,True,0.4832761764526367,0.9781476259231567
Llama-3.1-8B,triviaqa,700,arc,0.7101630968564191,137.55155496585508,142.53327670305853,24.817551466925437,11364.89558248867,106.72259898426198,0.0,106.72259898426198,0.4886452555656433,0.7066620588302612,0.21801680326461792,1.7515153884887695,1.7843594551086426,0.03284406661987305,True,0.5075707912445069,0.9708392024040222
Llama-3.1-8B,triviaqa,700,mmlu,0.7485092337574316,138.90859524172365,141.81127325580675,8.425539653441454,9908.135005004733,99.58192880567324,0.0,99.58192880567324,0.8992571234703064,1.3781931400299072,0.47893601655960083,1.8720897436141968,1.8885231018066406,0.016433358192443848,True,0.5075707912445069,0.9708392024040222
Llama-3.1-8B,triviaqa,700,squad,0.8926430016614448,138.1987533835427,139.76712617198658,2.45979320353119,4147.338821240681,64.41893055961278,0.0,64.41893055961278,1.5736377239227295,1.495025634765625,0.07861208915710449,2.036574125289917,2.020139694213867,0.016434431076049805,True,0.5075707912445069,0.9708392024040222
Llama-3.1-8B,triviaqa,700,triviaqa,0.8384187555724073,140.93099064229665,145.08118083801452,17.224078660632724,6607.520673855824,81.3925349925683,0.0,81.3925349925683,1.5481045246124268,1.013558030128479,0.5345464944839478,2.92179274559021,2.290365219116211,0.631427526473999,True,0.5075707912445069,0.9708392024040222
Llama-3.1-8B,triviaqa,700,gsm8k,0.9848105251401726,137.14575070762805,137.9596896458965,0.6624965952295715,574.7875065750484,23.988538996159768,0.0,23.988538996159768,1.2760233879089355,1.4498454332351685,0.1738220453262329,1.6383130550384521,1.7062256336212158,0.06791257858276367,True,0.5075707912445069,0.9708392024040222
Llama-3.1-8B,triviaqa,750,arc,0.693058816287009,137.55155496585508,143.12023899392236,31.01024180445164,12085.140849060484,110.07338956743786,0.0,110.07338956743786,0.4886452555656433,0.7435702681541443,0.254925012588501,1.7515153884887695,1.791008472442627,0.03949308395385742,True,0.5758984088897705,0.979831874370575
Llama-3.1-8B,triviaqa,750,mmlu,0.734322192951563,138.90859524172365,142.33700505994602,11.753993881683593,10505.87469071968,102.5554907579373,0.0,102.5554907579373,0.8992571234703064,1.4143342971801758,0.5150771737098694,1.8720897436141968,1.896713137626648,0.024623394012451172,True,0.5758984088897705,0.979831874370575
Llama-3.1-8B,triviaqa,750,squad,0.8861851611583825,138.1987533835427,140.18679620503121,3.952314260071979,4410.015537186538,66.43769902281844,0.0,66.43769902281844,1.5736377239227295,1.6026761531829834,0.029038429260253906,2.036574125289917,2.022721290588379,0.013852834701538086,True,0.5758984088897705,0.979831874370575
Llama-3.1-8B,triviaqa,750,triviaqa,0.8189053097708662,140.93099064229665,145.75838826253104,23.30376778384468,7440.048636440901,86.39069628278699,0.0,86.39069628278699,1.5481045246124268,1.0262718200683594,0.5218327045440674,2.92179274559021,2.2978153228759766,0.6239774227142334,True,0.5758984088897705,0.979831874370575
Llama-3.1-8B,triviaqa,750,gsm8k,0.9837505306496614,137.14575070762805,138.17613511493215,1.0616920268154169,615.8636559485341,24.83798196261825,0.0,24.83798196261825,1.2760233879089355,1.455498218536377,0.1794748306274414,1.6383130550384521,1.7070600986480713,0.06874704360961914,True,0.5758984088897705,0.979831874370575
Llama-3.1-8B,triviaqa,800,arc,0.6834451169345991,137.55155496585508,142.90063249535555,28.612630416606923,12444.534847462317,111.68324618258069,0.0,111.68324618258069,0.4886452555656433,0.8448902368545532,0.3562449812889099,1.7515153884887695,1.8015165328979492,0.05000114440917969,True,0.467496395111084,0.9795770049095154
Llama-3.1-8B,triviaqa,800,mmlu,0.7238209854853576,138.90859524172365,142.16603176289513,10.610892689461785,10908.012624587263,104.49221749621704,0.0,104.49221749621704,0.8992571234703064,1.523032546043396,0.6237754225730896,1.8720897436141968,1.9044405221939087,0.032350778579711914,True,0.467496395111084,0.9795770049095154
Llama-3.1-8B,triviaqa,800,squad,0.8787575321327413,138.1987533835427,140.20075066058374,4.007993097279689,4698.283595232159,68.57325709290349,0.0,68.57325709290349,1.5736377239227295,1.6164294481277466,0.04279172420501709,2.036574125289917,2.0268192291259766,0.00975489616394043,True,0.467496395111084,0.9795770049095154
Llama-3.1-8B,triviaqa,800,triviaqa,0.8164166312379676,140.93099064229665,145.80828007236713,23.78795218467719,7544.87453868351,86.99806027072205,0.0,86.99806027072205,1.5481045246124268,1.0247101783752441,0.5233943462371826,2.92179274559021,2.3000760078430176,0.6217167377471924,True,0.467496395111084,0.9795770049095154
Llama-3.1-8B,triviaqa,800,gsm8k,0.9807220841643057,137.14575070762805,138.12409963132768,0.9571666165042194,730.3682601834306,27.043029172042374,0.0,27.043029172042374,1.2760233879089355,1.4699281454086304,0.19390475749969482,1.6383130550384521,1.717086672782898,0.0787736177444458,True,0.467496395111084,0.9795770049095154
Llama-3.1-8B,triviaqa,850,arc,0.689574358584002,137.55155496585508,142.67031164174583,26.20166990697613,12183.910412244873,110.49937593557644,0.0,110.49937593557644,0.4886452555656433,0.8284486532211304,0.33980339765548706,1.7515153884887695,1.7943404912948608,0.04282510280609131,True,0.5244815826416016,0.9982735514640808
Llama-3.1-8B,triviaqa,850,mmlu,0.7321769021605178,138.90859524172365,141.89282306949445,8.905615728041681,10557.657611794568,102.79378982955444,0.0,102.79378982955444,0.8992571234703064,1.4995441436767578,0.6002870202064514,1.8720897436141968,1.9038978815078735,0.03180813789367676,True,0.5244815826416016,0.9982735514640808
Llama-3.1-8B,triviaqa,850,squad,0.8794822925302423,138.1987533835427,140.15097587665684,3.81117266262077,4668.540267535678,68.35460072444502,0.0,68.35460072444502,1.5736377239227295,1.6249346733093262,0.05129694938659668,2.036574125289917,2.027536392211914,0.00903773307800293,True,0.5244815826416016,0.9982735514640808
Llama-3.1-8B,triviaqa,850,triviaqa,0.8229472780656408,140.93099064229665,145.65766983914142,22.341496229885124,7268.9631335618005,85.38913648580647,0.0,85.38913648580647,1.5481045246124268,1.0320711135864258,0.516033411026001,2.92179274559021,2.3541958332061768,0.5675969123840332,True,0.5244815826416016,0.9982735514640808
Llama-3.1-8B,triviaqa,850,gsm8k,0.981381863019815,137.14575070762805,138.1305258450753,0.9697820713342659,705.4045198881586,26.57770309788814,0.0,26.57770309788814,1.2760233879089355,1.471688151359558,0.19566476345062256,1.6383130550384521,1.7173478603363037,0.07903480529785156,True,0.5244815826416016,0.9982735514640808
Llama-3.1-8B,triviaqa,900,arc,0.7091230128621553,137.55155496585508,142.65850922808076,26.08098183646509,11415.699930008344,106.96626062382853,0.0,106.96626062382853,0.4886452555656433,0.7174564599990845,0.22881120443344116,1.7515153884887695,1.8054687976837158,0.05395340919494629,True,0.43519296646118166,1.0012600421905518
Llama-3.1-8B,triviaqa,900,mmlu,0.7483196641822805,138.90859524172365,141.9800602717633,9.433897430756538,9927.40537094042,99.6836961010735,0.0,99.6836961010735,0.8992571234703064,1.3646436929702759,0.4653865694999695,1.8720897436141968,1.9080089330673218,0.035919189453125,True,0.43519296646118166,1.0012600421905518
Llama-3.1-8B,triviaqa,900,squad,0.8824654470858392,138.1987533835427,140.06641713082445,3.4881678729104673,4550.233677830837,67.4812703326171,0.0,67.4812703326171,1.5736377239227295,1.5350762605667114,0.038561463356018066,2.036574125289917,2.0276362895965576,0.008937835693359375,True,0.43519296646118166,1.0012600421905518
Llama-3.1-8B,triviaqa,900,triviaqa,0.8249812521331422,140.93099064229665,145.51686169061048,21.03021327176302,7178.5113719635165,84.85011246448221,0.0,84.85011246448221,1.5481045246124268,1.0601558685302734,0.4879486560821533,2.92179274559021,2.3739700317382812,0.5478227138519287,True,0.43519296646118166,1.0012600421905518
Llama-3.1-8B,triviaqa,900,gsm8k,0.9817294630198877,137.14575070762805,138.1176012129312,0.9444934046579644,692.16986970513,26.32706522022134,0.0,26.32706522022134,1.2760233879089355,1.4778482913970947,0.20182490348815918,1.6383130550384521,1.7248598337173462,0.08654677867889404,True,0.43519296646118166,1.0012600421905518
Llama-3.1-8B,triviaqa,950,arc,0.6987115819100694,137.55155496585508,142.78767085368293,27.416909590763236,11835.01047267311,108.9147711849218,0.0,108.9147711849218,0.4886452555656433,0.755849301815033,0.26720404624938965,1.7515153884887695,1.7993522882461548,0.047836899757385254,True,0.5517367839813232,1.0019365549087524
Llama-3.1-8B,triviaqa,950,mmlu,0.7424323899974092,138.90859524172365,142.0554028817845,9.902398323545288,10165.017235337054,100.8708066472188,0.0,100.8708066472188,0.8992571234703064,1.415046215057373,0.5157890915870667,1.8720897436141968,1.9009099006652832,0.028820157051086426,True,0.5517367839813232,1.0019365549087524
Llama-3.1-8B,triviaqa,950,squad,0.8881834161670193,138.1987533835427,140.1379702073082,3.760561889575121,4331.079581211249,65.83950290745537,0.0,65.83950290745537,1.5736377239227295,1.497412919998169,0.07622480392456055,2.036574125289917,2.0245184898376465,0.012055635452270508,True,0.5517367839813232,1.0019365549087524
Llama-3.1-8B,triviaqa,950,triviaqa,0.8296072257699295,140.93099064229665,145.69948672543694,22.738554894924306,6997.544936750163,83.78713201706505,0.0,83.78713201706505,1.5481045246124268,1.0500519275665283,0.49805259704589844,2.92179274559021,2.331845283508301,0.5899474620819092,True,0.5517367839813232,1.0019365549087524
Llama-3.1-8B,triviaqa,950,gsm8k,0.9832459906699464,137.14575070762805,138.1761471490403,1.0617168264750292,634.986048712074,25.219987421458978,0.0,25.219987421458978,1.2760233879089355,1.480088710784912,0.20406532287597656,1.6383130550384521,1.7271504402160645,0.0888373851776123,True,0.5517367839813232,1.0019365549087524
Llama-3.1-8B,triviaqa,1000,arc,0.6895115553412796,137.55155496585508,142.9144296831612,28.76042523352112,12207.227048460096,110.61639785173632,0.0,110.61639785173632,0.4886452555656433,0.7751707434654236,0.2865254878997803,1.7515153884887695,1.806561827659607,0.0550464391708374,True,0.4462750434875488,1.004284143447876
Llama-3.1-8B,triviaqa,1000,mmlu,0.7320048076127411,138.90859524172365,142.27326655727185,11.321013061672906,10592.767038981123,102.97615283182216,0.0,102.97615283182216,0.8992571234703064,1.4372361898422241,0.5379790663719177,1.8720897436141968,1.9091746807098389,0.03708493709564209,True,0.4462750434875488,1.004284143447876
Llama-3.1-8B,triviaqa,1000,squad,0.8808511186419189,138.1987533835427,140.25284632153245,4.219297797899307,4618.870373592089,67.99330607780436,0.0,67.99330607780436,1.5736377239227295,1.534733772277832,0.03890395164489746,2.036574125289917,2.025273323059082,0.011300802230834961,True,0.4462750434875488,1.004284143447876
Llama-3.1-8B,triviaqa,1000,triviaqa,0.8188309594121349,140.93099064229665,145.63179803339844,22.09759012823722,7436.638940242061,86.36397704118481,0.0,86.36397704118481,1.5481045246124268,1.0847574472427368,0.46334707736968994,2.92179274559021,2.3406894207000732,0.5811033248901367,True,0.4462750434875488,1.004284143447876
Llama-3.1-8B,triviaqa,1000,gsm8k,0.9808158811872678,137.14575070762805,138.23805060132094,1.1931190577614814,727.4142558065715,26.992728184908117,0.0,26.992728184908117,1.2760233879089355,1.47288179397583,0.19685840606689453,1.6383130550384521,1.7220313549041748,0.08371829986572266,True,0.4462750434875488,1.004284143447876
Llama-3.1-8B,triviaqa,1050,arc,0.6652893102668241,137.55155496585508,143.6231789800772,36.86461817007878,13224.815379605898,115.15936782466278,0.0,115.15936782466278,0.4886452555656433,0.8902667164802551,0.4016214609146118,1.7515153884887695,1.8339492082595825,0.08243381977081299,True,0.2471764326095581,1.0355027914047241
Llama-3.1-8B,triviaqa,1050,mmlu,0.7142272623727566,138.90859524172365,142.85305913028998,15.558795368203832,11341.472794444886,106.56937453984185,0.0,106.56937453984185,0.8992571234703064,1.6086722612380981,0.7094151377677917,1.8720897436141968,1.9358861446380615,0.06379640102386475,True,0.2471764326095581,1.0355027914047241
Llama-3.1-8B,triviaqa,1050,squad,0.8687424681600396,138.1987533835427,141.12354012248247,8.554377468277867,5119.856834390317,71.6129262902906,0.0,71.6129262902906,1.5736377239227295,1.5429457426071167,0.030691981315612793,2.036574125289917,2.0300869941711426,0.006487131118774414,True,0.2471764326095581,1.0355027914047241
Llama-3.1-8B,triviaqa,1050,triviaqa,0.7911452835447499,140.93099064229665,147.06325851453738,37.604709256915875,8657.34992971414,93.24674063457154,0.0,93.24674063457154,1.5481045246124268,1.0944082736968994,0.45369625091552734,2.92179274559021,2.3264622688293457,0.5953304767608643,True,0.2471764326095581,1.0355027914047241
Llama-3.1-8B,triviaqa,1050,gsm8k,0.9776993471586957,137.14575070762805,138.66355259699327,2.303722575360621,848.1882492638341,29.163195501165415,0.0,29.163195501165415,1.2760233879089355,1.4973070621490479,0.2212836742401123,1.6383130550384521,1.7442090511322021,0.10589599609375,True,0.2471764326095581,1.0355027914047241
Llama-3.1-8B,triviaqa,1100,arc,0.6513874558546546,137.55155496585508,144.0501059819359,42.23116530860512,13815.038271891204,117.71690378700848,0.0,117.71690378700848,0.4886452555656433,0.940392017364502,0.45174676179885864,1.7515153884887695,1.854532241821289,0.10301685333251953,True,0.30745255947113037,1.0854004621505737
Llama-3.1-8B,triviaqa,1100,mmlu,0.7032740293455362,138.90859524172365,143.2309188313195,18.68248121317691,11807.323224785747,108.7474399974497,0.0,108.7474399974497,0.8992571234703064,1.6864091157913208,0.7871519923210144,1.8720897436141968,1.958216905593872,0.08612716197967529,True,0.30745255947113037,1.0854004621505737
Llama-3.1-8B,triviaqa,1100,squad,0.8606494360007569,138.1987533835427,141.51306794766523,10.98468102995469,5450.53833353317,73.90211779484486,0.0,73.90211779484486,1.5736377239227295,1.5905866622924805,0.016948938369750977,2.036574125289917,2.0353312492370605,0.0012428760528564453,True,0.30745255947113037,1.0854004621505737
Llama-3.1-8B,triviaqa,1100,triviaqa,0.7672719597717701,140.93099064229665,147.73743895558778,46.327738641503636,9691.160339040007,98.67871137019124,0.0,98.67871137019124,1.5481045246124268,1.1433258056640625,0.40477871894836426,2.92179274559021,2.3419346809387207,0.5798580646514893,True,0.30745255947113037,1.0854004621505737
Llama-3.1-8B,triviaqa,1100,gsm8k,0.9747632830110801,137.14575070762805,138.86945618729686,2.971160580640277,961.2845095231886,31.052466409350302,0.0,31.052466409350302,1.2760233879089355,1.5184859037399292,0.24246251583099365,1.6383130550384521,1.7625384330749512,0.12422537803649902,True,0.30745255947113037,1.0854004621505737
Llama-3.1-8B,triviaqa,1150,arc,0.6494064615305507,137.55155496585508,144.30066170353223,45.55044175655914,13917.70830942388,118.16623354909997,0.0,118.16623354909997,0.4886452555656433,0.9130560159683228,0.42441076040267944,1.7515153884887695,1.8587769269943237,0.1072615385055542,True,0.2312068223953247,1.1150784492492676
Llama-3.1-8B,triviaqa,1150,mmlu,0.6995779781867408,138.90859524172365,143.48003256664524,20.89803921568626,11975.188165589878,109.52664609493694,0.0,109.52664609493694,0.8992571234703064,1.6828936338424683,0.7836365103721619,1.8720897436141968,1.9629508256912231,0.09086108207702637,True,0.2312068223953247,1.1150784492492676
Llama-3.1-8B,triviaqa,1150,squad,0.8558058707325249,138.1987533835427,141.63346161858286,11.797220659852607,5644.787140698812,75.21026765913457,0.0,75.21026765913457,1.5736377239227295,1.6041213274002075,0.030483603477478027,2.036574125289917,2.0375330448150635,0.0009589195251464844,True,0.2312068223953247,1.1150784492492676
Llama-3.1-8B,triviaqa,1150,triviaqa,0.7570492228879039,140.93099064229665,147.85371073225787,47.924053443952644,10124.81325152865,100.85998862270709,0.0,100.85998862270709,1.5481045246124268,1.1842117309570312,0.3638927936553955,2.92179274559021,2.3608994483947754,0.5608932971954346,True,0.2312068223953247,1.1150784492492676
Llama-3.1-8B,triviaqa,1150,gsm8k,0.972722232732667,137.14575070762805,138.95065031492857,3.257662592433545,1039.6370664309586,32.29388067457041,0.0,32.29388067457041,1.2760233879089355,1.5196906328201294,0.24366724491119385,1.6383130550384521,1.7660067081451416,0.12769365310668945,True,0.2312068223953247,1.1150784492492676
Llama-3.1-8B,triviaqa,1200,arc,0.6448701538438634,137.55155496585508,144.32982771937546,45.9449815211168,14100.638101354874,118.93940929261416,0.0,118.93940929261416,0.4886452555656433,0.9638103246688843,0.47516506910324097,1.7515153884887695,1.866201400756836,0.1146860122680664,True,0.18955217599868773,1.1280713081359863
Llama-3.1-8B,triviaqa,1200,mmlu,0.6969485214829815,138.90859524172365,143.4915143645604,21.003147686462825,12080.968202506798,110.00896031775439,0.0,110.00896031775439,0.8992571234703064,1.7282508611679077,0.8289937376976013,1.8720897436141968,1.9725100994110107,0.10042035579681396,True,0.18955217599868773,1.1280713081359863
Llama-3.1-8B,triviaqa,1200,squad,0.8541213189688485,138.1987533835427,141.7201514841963,12.400244583286673,5714.227896177737,75.67448804426115,0.0,75.67448804426115,1.5736377239227295,1.628080129623413,0.054442405700683594,2.036574125289917,2.038302183151245,0.001728057861328125,True,0.18955217599868773,1.1280713081359863
Llama-3.1-8B,triviaqa,1200,triviaqa,0.7502918418153547,140.93099064229665,148.05759587448767,50.78850213549249,10420.772742948633,102.33064665623942,0.0,102.33064665623942,1.5481045246124268,1.1882233619689941,0.3598811626434326,2.92179274559021,2.3791422843933105,0.5426504611968994,True,0.18955217599868773,1.1280713081359863
Llama-3.1-8B,triviaqa,1200,gsm8k,0.9724156050474771,137.14575070762805,138.98512803475438,3.3833089515463963,1051.5844261505715,32.48026685700285,0.0,32.48026685700285,1.2760233879089355,1.522640347480774,0.24661695957183838,1.6383130550384521,1.7693932056427002,0.13108015060424805,True,0.18955217599868773,1.1280713081359863
Llama-3.1-8B,triviaqa,1250,arc,0.6464683812254669,137.55155496585508,144.36623234744093,46.43982781509781,14040.72017756002,118.68934242540531,0.0,118.68934242540531,0.4886452555656433,0.9317994117736816,0.44315415620803833,1.7515153884887695,1.869808554649353,0.1182931661605835,True,0.24225332736968994,1.1348332166671753
Llama-3.1-8B,triviaqa,1250,mmlu,0.6971859001645536,138.90859524172365,143.55476362950716,21.5868806876389,12076.826210104251,109.99278653980855,0.0,109.99278653980855,0.8992571234703064,1.703574776649475,0.8043176531791687,1.8720897436141968,1.9745972156524658,0.10250747203826904,True,0.24225332736968994,1.1348332166671753
Llama-3.1-8B,triviaqa,1250,squad,0.8542339477385942,138.1987533835427,141.69174628492306,12.200999409093496,5708.671676085613,75.63645070661835,0.0,75.63645070661835,1.5736377239227295,1.6056411266326904,0.03200340270996094,2.036574125289917,2.038578748703003,0.0020046234130859375,True,0.24225332736968994,1.1348332166671753
Llama-3.1-8B,triviaqa,1250,triviaqa,0.7476127822570564,140.93099064229665,148.04216716170288,50.56883149015449,10531.477166883808,102.86907211778457,0.0,102.86907211778457,1.5481045246124268,1.2087593078613281,0.33934521675109863,2.92179274559021,2.4144978523254395,0.5072948932647705,True,0.24225332736968994,1.1348332166671753
Llama-3.1-8B,triviaqa,1250,gsm8k,0.9723615669128005,137.14575070762805,138.9793877651708,3.3622248587940167,1053.6009747565374,32.510970450223894,0.0,32.510970450223894,1.2760233879089355,1.521120548248291,0.24509716033935547,1.6383130550384521,1.7698931694030762,0.13158011436462402,True,0.24225332736968994,1.1348332166671753
Llama-3.1-8B,triviaqa,1300,arc,0.6471036702168056,137.55155496585508,144.40658118801164,46.99138450645414,14019.406475979711,118.60184594046656,0.0,118.60184594046656,0.4886452555656433,0.927018940448761,0.4383736848831177,1.7515153884887695,1.8672561645507812,0.11574077606201172,True,0.30080671310424806,1.1300475597381592
Llama-3.1-8B,triviaqa,1300,mmlu,0.6975835323531703,138.90859524172365,143.5915634798158,21.93019151897984,12064.05964504878,109.93629899431652,0.0,109.93629899431652,0.8992571234703064,1.7043148279190063,0.8050577044487,1.8720897436141968,1.9740785360336304,0.1019887924194336,True,0.30080671310424806,1.1300475597381592
Llama-3.1-8B,triviaqa,1300,squad,0.8550814931489237,138.1987533835427,141.71459013737044,12.361108079565893,5676.394060304487,75.4238368712707,0.0,75.4238368712707,1.5736377239227295,1.6035116910934448,0.029873967170715332,2.036574125289917,2.038262367248535,0.001688241958618164,True,0.30080671310424806,1.1300475597381592
Llama-3.1-8B,triviaqa,1300,triviaqa,0.7494456084623805,140.93099064229665,148.04557696954856,50.617338607919876,10455.238793993884,102.49807867761133,0.0,102.49807867761133,1.5481045246124268,1.1954054832458496,0.35269904136657715,2.92179274559021,2.406285047531128,0.515507698059082,True,0.30080671310424806,1.1300475597381592
Llama-3.1-8B,triviaqa,1300,gsm8k,0.9723503605231458,137.14575070762805,138.9951644809445,3.4203313049326134,1054.1478235997731,32.52027298324394,0.0,32.52027298324394,1.2760233879089355,1.5214033126831055,0.24537992477416992,1.6383130550384521,1.770534634590149,0.13222157955169678,True,0.30080671310424806,1.1300475597381592
Llama-3.1-8B,triviaqa,1350,arc,0.6472303747971655,137.55155496585508,144.43659347167207,47.403755226582696,14017.285553914833,118.59464283491653,0.0,118.59464283491653,0.4886452555656433,0.9104670286178589,0.4218217730522156,1.7515153884887695,1.8689669370651245,0.11745154857635498,True,0.25610396862030027,1.1366666555404663
Llama-3.1-8B,triviaqa,1350,mmlu,0.6973287546651648,138.90859524172365,143.6487125618489,22.468712208551388,12079.028799320671,110.00680665999364,0.0,110.00680665999364,0.8992571234703064,1.6799172163009644,0.780660092830658,1.8720897436141968,1.9744338989257812,0.10234415531158447,True,0.25610396862030027,1.1366666555404663
Llama-3.1-8B,triviaqa,1350,squad,0.8537554977498502,138.1987533835427,141.7254792836489,12.437795574479788,5728.772872721968,75.77077713931966,0.0,75.77077713931966,1.5736377239227295,1.6030080318450928,0.02937030792236328,2.036574125289917,2.039149522781372,0.002575397491455078,True,0.25610396862030027,1.1366666555404663
Llama-3.1-8B,triviaqa,1350,triviaqa,0.7467969460802322,140.93099064229665,148.0436717505434,50.59023254761038,10565.6273171052,103.03503069176429,0.0,103.03503069176429,1.5481045246124268,1.2103890180587769,0.3377155065536499,2.92179274559021,2.413151264190674,0.5086414813995361,True,0.25610396862030027,1.1366666555404663
Llama-3.1-8B,triviaqa,1350,gsm8k,0.9719803579705031,137.14575070762805,139.01307123385928,3.4868859476844594,1068.3918653302549,32.73955942400477,0.0,32.73955942400477,1.2760233879089355,1.5217509269714355,0.2457275390625,1.6383130550384521,1.7709922790527344,0.13267922401428223,True,0.25610396862030027,1.1366666555404663
Llama-3.1-8B,triviaqa,1400,arc,0.6477481366004278,137.55155496585508,144.44552461952875,47.526817585773586,13997.577789507608,118.51204414359488,0.0,118.51204414359488,0.4886452555656433,0.9078338146209717,0.41918855905532837,1.7515153884887695,1.8682079315185547,0.11669254302978516,True,0.16180753707885742,1.1401216983795166
Llama-3.1-8B,triviaqa,1400,mmlu,0.6976190834797922,138.90859524172365,143.656096993797,22.538772885939636,12068.062674398987,109.95727100690034,0.0,109.95727100690034,0.8992571234703064,1.6735950708389282,0.7743379473686218,1.8720897436141968,1.9748666286468506,0.10277688503265381,True,0.16180753707885742,1.1401216983795166
Llama-3.1-8B,triviaqa,1400,squad,0.8534922711613347,138.1987533835427,141.72962474952433,12.467052603108945,5739.252002487661,75.8400887070339,0.0,75.8400887070339,1.5736377239227295,1.6066898107528687,0.03305208683013916,2.036574125289917,2.039616107940674,0.003041982650756836,True,0.16180753707885742,1.1401216983795166
Llama-3.1-8B,triviaqa,1400,triviaqa,0.7465843825016835,140.93099064229665,148.03291705634607,50.437358790572794,10573.728956414032,103.07359659585283,0.0,103.07359659585283,1.5481045246124268,1.2207523584365845,0.3273521661758423,2.92179274559021,2.4188311100006104,0.5029616355895996,True,0.16180753707885742,1.1401216983795166
Llama-3.1-8B,triviaqa,1400,gsm8k,0.9719510429777207,137.14575070762805,139.00710231622102,3.464629810811633,1069.4637266462962,32.75558511852762,0.0,32.75558511852762,1.2760233879089355,1.5215731859207153,0.24554979801177979,1.6383130550384521,1.7705957889556885,0.13228273391723633,True,0.16180753707885742,1.1401216983795166
Llama-3.1-8B,triviaqa,1450,arc,0.6478284666134619,137.55155496585508,144.45046621910424,47.594976480208,13994.864441984004,118.50088361891743,0.0,118.50088361891743,0.4886452555656433,0.9066543579101562,0.41800910234451294,1.7515153884887695,1.8688455820083618,0.11733019351959229,True,0.2453619956970215,1.1403987407684326
Llama-3.1-8B,triviaqa,1450,mmlu,0.6973140837324346,138.90859524172365,143.6539412900606,22.518309118467158,12080.053978921855,110.01169159703127,0.0,110.01169159703127,0.8992571234703064,1.6786338090896606,0.7793766856193542,1.8720897436141968,1.9759272336959839,0.10383749008178711,True,0.2453619956970215,1.1403987407684326
Llama-3.1-8B,triviaqa,1450,squad,0.8529651382692921,138.1987533835427,141.73832438917842,12.528562903936974,5760.2553100807545,75.97883832347459,0.0,75.97883832347459,1.5736377239227295,1.607555627822876,0.033917903900146484,2.036574125289917,2.0393073558807373,0.0027332305908203125,True,0.2453619956970215,1.1403987407684326
Llama-3.1-8B,triviaqa,1450,triviaqa,0.7457282647456117,140.93099064229665,148.05369640755188,50.73293741840014,10610.939588918967,103.2553752902839,0.0,103.2553752902839,1.5481045246124268,1.2170417308807373,0.33106279373168945,2.92179274559021,2.4195356369018555,0.5022571086883545,True,0.2453619956970215,1.1403987407684326
Llama-3.1-8B,triviaqa,1450,gsm8k,0.9717935881602054,137.14575070762805,139.0148402477561,3.493495709016064,1075.5271040953103,32.8484489710599,0.0,32.8484489710599,1.2760233879089355,1.522572636604309,0.24654924869537354,1.6383130550384521,1.7711139917373657,0.13280093669891357,True,0.2453619956970215,1.1403987407684326
Llama-3.1-8B,triviaqa,1500,arc,0.647186529430382,137.55155496585508,144.4494990558846,47.58163266917307,14020.280364711623,118.60801826765675,0.0,118.60801826765675,0.4886452555656433,0.9122788906097412,0.4236336350440979,1.7515153884887695,1.870700716972351,0.11918532848358154,True,0.3194440841674805,1.1424821615219116
Llama-3.1-8B,triviaqa,1500,mmlu,0.6975575462128469,138.90859524172365,143.66583588230827,22.631338512430027,12071.336932494594,109.97257963241121,0.0,109.97257963241121,0.8992571234703064,1.6700146198272705,0.7707574963569641,1.8720897436141968,1.9751582145690918,0.10306847095489502,True,0.3194440841674805,1.1424821615219116
Llama-3.1-8B,triviaqa,1500,squad,0.8529913000101259,138.1987533835427,141.73703987862547,12.51947132128503,5759.178201286788,75.97168994176761,0.0,75.97168994176761,1.5736377239227295,1.6086004972457886,0.03496277332305908,2.036574125289917,2.039724588394165,0.003150463104248047,True,0.3194440841674805,1.1424821615219116
Llama-3.1-8B,triviaqa,1500,triviaqa,0.7459909724162942,140.93099064229665,148.04314647988312,50.58276065811531,10599.221284552776,103.19788779432886,0.0,103.19788779432886,1.5481045246124268,1.2190396785736084,0.32906484603881836,2.92179274559021,2.4143612384796143,0.5074315071105957,True,0.3194440841674805,1.1424821615219116
Llama-3.1-8B,triviaqa,1500,gsm8k,0.9718648863018452,137.14575070762805,139.01724706938444,3.502498632067387,1072.8270379203298,32.807461598733866,0.0,32.807461598733866,1.2760233879089355,1.5223406553268433,0.24631726741790771,1.6383130550384521,1.7713613510131836,0.13304829597473145,True,0.3194440841674805,1.1424821615219116
